{"precision": 1.0, "recall": 0.0020408163265306124, "repair_recall": 0.003134796238244514, "f1": 0.004073319755600815, "repair_f1": 0.00625, "detected_errors": 319.0, "total_errors": 490.0, "correct_repairs": 1.0, "total_repairs": 1.0, "total_repairs_grdt": 1.0, "total_repairs_grdt_correct": 0, "total_repairs_grdt_incorrect": 1.0}