{"precision": 0.99644128113879, "recall": 0.5679513184584178, "repair_recall": 0.6572769953051644, "f1": 0.7235142118863049, "repair_f1": 0.7920792079207921, "detected_errors": 426.0, "total_errors": 493.0, "correct_repairs": 280.0, "total_repairs": 281.0, "total_repairs_grdt": 281.0, "total_repairs_grdt_correct": 1.0, "total_repairs_grdt_incorrect": 280.0}