{"precision": 1.0, "recall": 0.47956403269754766, "repair_recall": 0.5333333333333333, "f1": 0.6482504604051565, "repair_f1": 0.6956521739130436, "detected_errors": 330.0, "total_errors": 367.0, "correct_repairs": 176.0, "total_repairs": 176.0, "total_repairs_grdt": 176.0, "total_repairs_grdt_correct": 0, "total_repairs_grdt_incorrect": 176.0}