{"precision": 1.0, "recall": 0.6085192697768763, "repair_recall": 0.6880733944954128, "f1": 0.7566204287515764, "repair_f1": 0.8152173913043478, "detected_errors": 436.0, "total_errors": 493.0, "correct_repairs": 300.0, "total_repairs": 300.0, "total_repairs_grdt": 300.0, "total_repairs_grdt_correct": 0, "total_repairs_grdt_incorrect": 300.0}