{"precision": 1.0, "recall": 0.5163934426229508, "repair_recall": 0.5815384615384616, "f1": 0.6810810810810811, "repair_f1": 0.7354085603112841, "detected_errors": 325.0, "total_errors": 366.0, "correct_repairs": 189.0, "total_repairs": 189.0, "total_repairs_grdt": 189.0, "total_repairs_grdt_correct": 0, "total_repairs_grdt_incorrect": 189.0}