{"precision": 0.900523560209424, "recall": 0.46994535519125685, "repair_recall": 0.5227963525835866, "f1": 0.6175942549371635, "repair_f1": 0.6615384615384614, "detected_errors": 329.0, "total_errors": 366.0, "correct_repairs": 172.0, "total_repairs": 191.0, "total_repairs_grdt": 191.0, "total_repairs_grdt_correct": 19.0, "total_repairs_grdt_incorrect": 172.0}