{"precision": 1.0, "recall": 0.006109979633401222, "repair_recall": 0.009900990099009901, "f1": 0.012145748987854251, "repair_f1": 0.0196078431372549, "detected_errors": 303.0, "total_errors": 491.0, "correct_repairs": 3.0, "total_repairs": 3.0, "total_repairs_grdt": 3.0, "total_repairs_grdt_correct": 0, "total_repairs_grdt_incorrect": 3.0}