{"precision": 1.0, "recall": 0.41046831955922863, "repair_recall": 0.47003154574132494, "f1": 0.58203125, "repair_f1": 0.6394849785407726, "detected_errors": 317.0, "total_errors": 363.0, "correct_repairs": 149.0, "total_repairs": 149.0, "total_repairs_grdt": 149.0, "total_repairs_grdt_correct": 0, "total_repairs_grdt_incorrect": 149.0}