{"precision": 0.9964664310954063, "recall": 0.5651302605210421, "repair_recall": 0.6527777777777778, "f1": 0.721227621483376, "repair_f1": 0.7888111888111888, "detected_errors": 432.0, "total_errors": 499.0, "correct_repairs": 282.0, "total_repairs": 283.0, "total_repairs_grdt": 283.0, "total_repairs_grdt_correct": 1.0, "total_repairs_grdt_incorrect": 282.0}