{"precision": 1.0, "recall": 0.48314606741573035, "repair_recall": 0.5512820512820513, "f1": 0.6515151515151515, "repair_f1": 0.7107438016528926, "detected_errors": 312.0, "total_errors": 356.0, "correct_repairs": 172.0, "total_repairs": 172.0, "total_repairs_grdt": 172.0, "total_repairs_grdt_correct": 0, "total_repairs_grdt_incorrect": 172.0}